ID,Name,Sector,Interest1,Interest2,Interest3,Interest4,Interest5
1,Anderson Hudson,Marketing,Pets,Environment,Cooking,Photography,NA
2,Zane Osborne,Marketing,Reading,Environment,NA,NA,NA
3,Adrianna Price,Tech,Reading,Crafts,NA,NA,NA
4,Regan Solis,Tech,Gardening,Reading,Environment,NA,NA
5,Charlotte Shepherd,Marketing,Reading,Fitness,Cooking,NA,NA
6,Paula Hays,Tech,Photography,Reading,Technology,Crafts,NA
7,Aliza Mullins,Art,Environment,Movies/TV Shows,Sports,Reading,Photography
8,Elisabeth Holland,Art,Pets,Travel,Environment,Gardening,Movies/TV Shows
9,Dante Kline,Tech,Art,Fitness,Environment,NA,NA
10,Anika Mccoy,Tech,Crafts,Cooking,Art,Photography,Music
11,Simeon Mercer,Art,Music,Art,Photography,Crafts,NA
12,Tessa Wilkerson,Tech,Pets,Sports,Crafts,NA,NA
13,Augustus Landry,Art,Cooking,Volunteering,NA,NA,NA
14,Parker Robertson,Marketing,Photography,Movies/TV Shows,Environment,NA,NA
15,Mohamed Owens,Art,Travel,Movies/TV Shows,Art,NA,NA
16,Daisy Kirk,Marketing,Gardening,Reading,NA,NA,NA
17,August Mcgrath,Marketing,Travel,Photography,Pets,Movies/TV Shows,NA
18,Abram Moreno,Tech,Pets,Cooking,NA,NA,NA
19,Danica Randolph,Marketing,Pets,Volunteering,NA,NA,NA
20,Jada West,Tech,Reading,Art,Volunteering,Travel,NA
21,Isabela Hoffman,Marketing,Reading,Travel,Fitness,Volunteering,Pets
22,Violet Wade,Tech,Travel,Technology,Crafts,Pets,NA
23,Alec Fox,Marketing,Gardening,Photography,Crafts,Music,Movies/TV Shows
24,Levi Todd,Tech,Art,Travel,NA,NA,NA
25,Rhys Jacobs,Art,Pets,Travel,NA,NA,NA
26,Peter Alexander,Tech,Gardening,Movies/TV Shows,Volunteering,NA,NA
27,Dominik House,Art,Volunteering,Crafts,Gardening,NA,NA
28,Larry Osborn,Art,Music,Travel,Crafts,NA,NA
29,Trinity Mcconnell,Marketing,Technology,Photography,Reading,Volunteering,Crafts
30,Aydin Whitney,Art,Volunteering,Music,NA,NA,NA
31,Maren Kline,Art,Music,Technology,Sports,Pets,Travel
32,Todd Lloyd,Tech,Gardening,Movies/TV Shows,Cooking,Fitness,NA
33,Craig Parrish,Tech,Travel,Crafts,Movies/TV Shows,Reading,NA
34,Miriam Sanchez,Art,Cooking,Environment,Fitness,Volunteering,Pets
35,Anabel Schneider,Marketing,Sports,Pets,Travel,Fitness,NA
36,Mitchell Durham,Art,Gardening,Pets,Technology,Fitness,Cooking
37,Hazel Mathews,Tech,Cooking,Photography,Travel,Crafts,NA
38,Allyson Pineda,Marketing,Gardening,Travel,NA,NA,NA
39,Veronica Shaw,Marketing,Music,Cooking,Photography,Volunteering,Reading
40,Mariah Ellison,Art,Art,Technology,Music,NA,NA
41,Raquel Hays,Tech,Reading,Gardening,Pets,Sports,NA
42,Neil Foster,Marketing,Art,Technology,NA,NA,NA
43,Alaina Burke,Marketing,Reading,Technology,Crafts,Photography,Fitness
44,Kenyon Davies,Art,Music,Art,Technology,NA,NA
45,Fernando Savage,Art,Cooking,Gardening,NA,NA,NA
46,Willow Andrews,Marketing,Environment,Music,Art,Pets,Crafts
47,Justine Schmitt,Tech,Technology,Fitness,NA,NA,NA
48,Kristopher Arellano,Art,Sports,Photography,Crafts,Reading,Travel
49,Carla Cain,Tech,Art,Reading,NA,NA,NA
50,Savion Prince,Tech,Music,Travel,NA,NA,NA
51,Bryanna Logan,Tech,Fitness,Travel,Crafts,NA,NA
52,Alexis Weber,Marketing,Music,Fitness,Volunteering,NA,NA
53,Lamar Strickland,Art,Music,Cooking,Fitness,Crafts,Gardening
54,Kaylynn Webb,Art,Gardening,Pets,Crafts,NA,NA
55,Miles Garrett,Tech,Crafts,Art,NA,NA,NA
56,Naomi Sherman,Tech,Pets,Fitness,NA,NA,NA
57,Anabelle Sharp,Tech,Volunteering,Sports,Music,Pets,Fitness
58,Arianna Sandoval,Marketing,Cooking,Art,Photography,NA,NA
59,Nathen Garrett,Marketing,Cooking,Pets,Technology,NA,NA
60,Miracle Browning,Marketing,Environment,Gardening,Pets,Travel,Crafts
61,Carlos Santana,Tech,Movies/TV Shows,Pets,Music,Fitness,Travel
62,Camille Delgado,Tech,Technology,Sports,Fitness,Gardening,NA
63,Sharon Gould,Tech,Travel,Gardening,Reading,Art,Fitness
64,Rowan Daniel,Marketing,Pets,Movies/TV Shows,NA,NA,NA
65,Carlos Pena,Tech,Movies/TV Shows,Reading,Fitness,Technology,Travel
66,Lila Wyatt,Art,Sports,Fitness,NA,NA,NA
67,Daniela Donaldson,Art,Volunteering,Reading,Music,NA,NA
68,Milagros Pearson,Art,Music,Art,Crafts,Volunteering,NA
69,Myla Paul,Tech,Technology,Environment,NA,NA,NA
70,Milo Wilkins,Marketing,Fitness,Gardening,NA,NA,NA
71,Deven Duarte,Tech,Travel,Photography,NA,NA,NA
72,Jaidyn Hutchinson,Marketing,Gardening,Pets,Fitness,Movies/TV Shows,Technology
73,Leilani Bond,Tech,Environment,Reading,Volunteering,Cooking,Sports
74,Francis Rowland,Marketing,Photography,Crafts,NA,NA,NA
75,Holly Stafford,Art,Movies/TV Shows,Photography,Technology,NA,NA
76,Layne Gomez,Art,Crafts,Reading,Music,Travel,NA
77,Amina Bauer,Marketing,Pets,Movies/TV Shows,Art,Travel,NA
78,Maddison Curtis,Art,Travel,Fitness,Movies/TV Shows,Reading,NA
79,Wyatt Travis,Marketing,Art,Fitness,NA,NA,NA
80,Dean Griffin,Art,Fitness,Pets,Travel,Reading,NA
81,Sergio Le,Marketing,Movies/TV Shows,Sports,Technology,NA,NA
82,Adison Nicholson,Art,Cooking,Fitness,Music,Pets,Movies/TV Shows
83,Cordell Kramer,Art,Travel,Music,Reading,NA,NA
84,Adrien Shea,Tech,Movies/TV Shows,Music,Art,Sports,NA
85,Santino Mcintosh,Art,Travel,Reading,Music,Sports,NA
86,Lilian Gould,Tech,Pets,Travel,NA,NA,NA
87,Aria Kelley,Marketing,Gardening,Fitness,Crafts,Music,Travel
88,Cecelia Craig,Marketing,Sports,Fitness,Technology,NA,NA
89,Jamie Bird,Marketing,Fitness,Gardening,NA,NA,NA
90,Geovanni Murphy,Art,Crafts,Art,Technology,Cooking,Sports
91,Lilly Marshall,Marketing,Sports,Cooking,Art,Crafts,Movies/TV Shows
92,Raina Calhoun,Tech,Fitness,Art,Pets,Crafts,NA
93,Nicholas Bates,Art,Art,Travel,NA,NA,NA
94,Haley Spears,Art,Technology,Crafts,NA,NA,NA
95,Nathen Contreras,Tech,Crafts,Reading,Gardening,Pets,Volunteering
96,Nadia Ryan,Tech,Photography,Pets,Sports,Volunteering,NA
97,Katrina Dunlap,Art,Movies/TV Shows,Reading,NA,NA,NA
98,Landyn Jarvis,Marketing,Technology,Cooking,Travel,Crafts,NA
99,Heaven Mosley,Art,Travel,Pets,NA,NA,NA
100,Garrett Perez,Art,Travel,Music,Movies/TV Shows,Photography,Volunteering
101,Fernanda Kemp,Art,Pets,Environment,Movies/TV Shows,NA,NA
102,Ada Oconnell,Tech,Movies/TV Shows,Music,Volunteering,Travel,NA
103,Phoenix Norris,Marketing,Travel,Pets,Technology,NA,NA
104,Santino Goodman,Art,Technology,Environment,NA,NA,NA
105,Valeria Bailey,Art,Gardening,Technology,NA,NA,NA
106,Payton English,Art,Sports,Pets,Gardening,Movies/TV Shows,NA
107,Gabriela Gill,Art,Fitness,Music,Movies/TV Shows,Gardening,NA
108,Joel Hoffman,Marketing,Art,Movies/TV Shows,Music,Technology,NA
109,Karina Harmon,Art,Reading,Sports,Cooking,Pets,Photography
110,Leslie Rice,Tech,Art,Sports,NA,NA,NA
111,Felicity Barr,Art,Sports,Travel,Technology,NA,NA
112,Tatum Mcfarland,Tech,Crafts,Volunteering,Sports,Movies/TV Shows,NA
113,Karen Logan,Marketing,Crafts,Art,Movies/TV Shows,Gardening,Environment
114,Diana Perez,Tech,Gardening,Reading,Photography,Technology,NA
115,Yusuf Santana,Marketing,Art,Travel,Pets,Reading,Movies/TV Shows
116,Baron Steele,Tech,Environment,Crafts,Sports,NA,NA
117,Brian Escobar,Art,Volunteering,Music,Technology,Movies/TV Shows,NA
118,Abby Cantu,Marketing,Pets,Travel,Music,Movies/TV Shows,Reading
119,Vanessa Vazquez,Tech,Crafts,Art,Pets,Cooking,NA
120,Chace Macdonald,Marketing,Cooking,Reading,Fitness,NA,NA
121,Jakobe Dennis,Art,Environment,Photography,Crafts,Gardening,NA
122,Tamara Lutz,Art,Gardening,Cooking,NA,NA,NA
123,Mallory Rowland,Art,Fitness,Pets,Gardening,Movies/TV Shows,Sports
124,Abdullah Hunter,Art,Technology,Movies/TV Shows,NA,NA,NA
125,Yair Morales,Marketing,Cooking,Music,Crafts,NA,NA
126,Sean George,Tech,Sports,Movies/TV Shows,Crafts,Travel,NA
127,Caitlin Summers,Marketing,Fitness,Movies/TV Shows,Travel,NA,NA
128,Kailee Rhodes,Art,Sports,Reading,Movies/TV Shows,NA,NA
129,Mohammad Ortiz,Tech,Sports,Volunteering,Crafts,Technology,Fitness
130,Diego Irwin,Tech,Photography,Reading,NA,NA,NA
131,Charity Marquez,Art,Reading,Environment,Cooking,Crafts,Photography
132,Reese Baker,Tech,Pets,Art,Gardening,Travel,Technology
133,Kiara Reilly,Art,Photography,Cooking,Travel,Technology,Gardening
134,Jackson Roman,Tech,Reading,Sports,Volunteering,Crafts,Art
135,Katelynn Kline,Marketing,Movies/TV Shows,Sports,Gardening,Environment,NA
136,Landen Hickman,Marketing,Pets,Music,Cooking,Gardening,NA
137,Grayson Gross,Art,Environment,Art,Cooking,Sports,NA
138,Kianna Mcfarland,Marketing,Sports,Cooking,Environment,Gardening,NA
139,Marina Chapman,Tech,Movies/TV Shows,Environment,Gardening,Sports,NA
140,Lewis Woodward,Marketing,Environment,Technology,Crafts,Reading,NA
141,Claudia Steele,Marketing,Travel,Reading,Movies/TV Shows,Fitness,NA
142,Alfonso Ali,Tech,Pets,Sports,Music,Technology,Volunteering
143,Jakayla Flores,Art,Crafts,Gardening,NA,NA,NA
144,Abagail Ford,Marketing,Music,Environment,Fitness,NA,NA
145,Ariella Meza,Marketing,Gardening,Crafts,Music,Travel,Sports
146,Kamden Lucero,Marketing,Reading,Photography,Sports,Pets,Cooking
147,Hadassah Austin,Tech,Volunteering,Fitness,Photography,Travel,Movies/TV Shows
148,Brycen Fry,Tech,Fitness,Photography,Sports,Movies/TV Shows,NA
149,Jose Brewer,Marketing,Music,Travel,Volunteering,Gardening,NA
150,Kai Humphrey,Marketing,Sports,Art,NA,NA,NA
151,Cynthia Baxter,Marketing,Pets,Technology,Fitness,Volunteering,NA
152,Gia Wong,Tech,Fitness,Crafts,Music,Reading,NA
153,Riley Benitez,Tech,Cooking,Music,NA,NA,NA
154,Antonio Jefferson,Tech,Sports,Movies/TV Shows,Environment,NA,NA
155,Jamison Levine,Tech,Photography,Movies/TV Shows,Reading,Environment,NA
156,Johnathan Burch,Art,Technology,Art,Music,Cooking,NA
157,Killian Harrington,Art,Movies/TV Shows,Music,Pets,NA,NA
158,Tristen Castaneda,Tech,Movies/TV Shows,Environment,Cooking,NA,NA
159,Teagan Daniels,Art,Reading,Volunteering,NA,NA,NA
160,Atticus Lutz,Marketing,Environment,Pets,Sports,Crafts,Cooking
161,Claire Thomas,Tech,Volunteering,Travel,NA,NA,NA
162,Kaley Garcia,Art,Cooking,Fitness,Environment,Movies/TV Shows,NA
163,Jared Allen,Tech,Volunteering,Gardening,Travel,NA,NA
164,Sarai Harrison,Marketing,Fitness,Sports,Photography,NA,NA
165,Esmeralda Stein,Art,Sports,Photography,Art,Reading,NA
166,Jefferson Golden,Art,Cooking,Gardening,Reading,Sports,Technology
167,Felipe Eaton,Marketing,Pets,Environment,Photography,NA,NA
168,Jayden Jordan,Tech,Crafts,Sports,Gardening,Travel,NA
169,Jaylon Nunez,Tech,Volunteering,Movies/TV Shows,Art,Fitness,NA
170,Maximilian Gamble,Art,Crafts,Photography,NA,NA,NA
171,Juliana Parsons,Art,Gardening,Technology,NA,NA,NA
172,Alijah Bullock,Tech,Reading,Technology,Travel,Volunteering,Movies/TV Shows
173,Raven Mccullough,Tech,Cooking,Fitness,Music,NA,NA
174,Amy Harmon,Marketing,Sports,Movies/TV Shows,Gardening,Photography,Art
175,Alondra Gordon,Marketing,Technology,Cooking,Environment,Movies/TV Shows,Sports
176,Donovan Norton,Tech,Volunteering,Sports,Cooking,Reading,Travel
177,Aliza Sheppard,Art,Gardening,Reading,NA,NA,NA
178,Sonia Mayer,Art,Sports,Fitness,Cooking,Travel,Gardening
179,Miriam Mccormick,Art,Photography,Environment,NA,NA,NA
180,Kolten Michael,Art,Environment,Pets,Crafts,Art,NA
181,Giovanna Jennings,Marketing,Gardening,Environment,Cooking,NA,NA
182,Shania Mccall,Tech,Travel,Cooking,Technology,NA,NA
183,Isabela Roach,Tech,Art,Travel,Environment,NA,NA
184,Aubrie Mendoza,Art,Sports,Technology,NA,NA,NA
185,Brisa Roth,Art,Music,Gardening,Volunteering,NA,NA
186,London Peck,Marketing,Art,Music,NA,NA,NA
187,Anna Brandt,Marketing,Movies/TV Shows,Photography,Fitness,Volunteering,NA
188,Orlando Werner,Art,Gardening,Art,NA,NA,NA
189,Luciana Deleon,Marketing,Reading,Movies/TV Shows,NA,NA,NA
190,Kassandra Li,Tech,Music,Volunteering,Environment,Technology,Gardening
191,Chloe Sheppard,Tech,Art,Gardening,Travel,Environment,NA
192,Alfonso Copeland,Art,Pets,Fitness,Crafts,Movies/TV Shows,NA
193,Eden Gallagher,Tech,Sports,Technology,NA,NA,NA
194,Griffin Sellers,Marketing,Fitness,Volunteering,Sports,Travel,Technology
195,Curtis Gardner,Marketing,Art,Movies/TV Shows,Gardening,Volunteering,Photography
196,Mariah King,Art,Environment,Music,NA,NA,NA
197,Jordyn Mann,Marketing,Environment,Technology,Crafts,NA,NA
198,Margaret Morris,Tech,Technology,Environment,Pets,NA,NA
199,Liberty Ingram,Tech,Cooking,Movies/TV Shows,Art,Pets,Travel
200,Autumn Hubbard,Marketing,Music,Movies/TV Shows,Technology,Crafts,Travel
201,Axel Copeland,Marketing,Music,Technology,Movies/TV Shows,Cooking,Pets
202,Yamilet Krueger,Tech,Music,Sports,Art,Gardening,Fitness
203,Emiliano Serrano,Art,Music,Sports,NA,NA,NA
204,Deacon Roach,Tech,Movies/TV Shows,Fitness,Travel,Photography,NA
205,Darion Wall,Marketing,Environment,Fitness,Reading,Art,Photography
206,Maci Goodwin,Art,Sports,Volunteering,Environment,Cooking,NA
207,Davon Villa,Art,Volunteering,Gardening,Sports,Reading,Crafts
208,Jakob Cox,Tech,Music,Technology,Photography,Pets,Reading
209,Rene Lamb,Marketing,Pets,Sports,Environment,Gardening,Crafts
210,Lucas Rivas,Marketing,Photography,Movies/TV Shows,Fitness,Reading,NA
211,Emiliano Beasley,Art,Travel,Art,Environment,Sports,NA
212,Roy Leach,Art,Photography,Technology,NA,NA,NA
213,Jazmyn Levy,Marketing,Sports,Music,Travel,NA,NA
214,Emma Pennington,Marketing,Pets,Volunteering,Art,NA,NA
215,Justice Vargas,Tech,Photography,Cooking,Music,Sports,NA
216,Emmy Ellis,Marketing,Fitness,Travel,NA,NA,NA
217,Branden Burgess,Art,Environment,Pets,Fitness,Movies/TV Shows,NA
218,Lainey Knox,Marketing,Photography,Art,Technology,NA,NA
219,Marie Frey,Art,Photography,Environment,NA,NA,NA
220,Jovanny Harrison,Tech,Photography,Music,Cooking,Volunteering,NA
221,Roy Ayala,Art,Environment,Reading,Gardening,Sports,NA
222,Iyana Webster,Tech,Music,Environment,Volunteering,NA,NA
223,Anaya Butler,Tech,Cooking,Movies/TV Shows,Reading,Crafts,NA
224,Kenley Carter,Marketing,Fitness,Cooking,NA,NA,NA
225,Justin Nguyen,Art,Photography,Travel,Sports,Art,NA
226,Elise Parrish,Marketing,Sports,Cooking,Crafts,Travel,NA
227,Roger Butler,Marketing,Music,Cooking,Movies/TV Shows,Technology,Volunteering
228,Lyric Mckinney,Art,Crafts,Volunteering,Reading,Sports,NA
229,Mohammad Donovan,Marketing,Fitness,Sports,NA,NA,NA
230,John Aguilar,Art,Gardening,Art,Movies/TV Shows,NA,NA
231,Antonio Cook,Art,Volunteering,Music,NA,NA,NA
232,Dangelo Robles,Art,Volunteering,Art,Reading,Pets,Music
233,Humberto Brooks,Marketing,Gardening,Photography,NA,NA,NA
234,Collin Garrison,Tech,Sports,Movies/TV Shows,NA,NA,NA
235,Issac Schwartz,Tech,Sports,Gardening,NA,NA,NA
236,Alyson Zhang,Marketing,Crafts,Movies/TV Shows,Sports,NA,NA
237,Damari Bruce,Art,Photography,Gardening,Music,NA,NA
238,Luis Cain,Tech,Crafts,Travel,NA,NA,NA
239,Omari Winters,Tech,Reading,Technology,Fitness,Art,NA
240,America Valentine,Art,Reading,Movies/TV Shows,Music,Travel,NA
241,Dayana Richards,Art,Crafts,Photography,Gardening,Cooking,Reading
242,Ethen Valenzuela,Marketing,Sports,Movies/TV Shows,Pets,Fitness,Reading
243,Ashlyn Frye,Marketing,Sports,Movies/TV Shows,NA,NA,NA
244,Franco Stevenson,Tech,Sports,Environment,Movies/TV Shows,Photography,NA
245,Diya Duffy,Tech,Music,Sports,Volunteering,Art,Environment
246,Trinity Summers,Marketing,Movies/TV Shows,Travel,Volunteering,NA,NA
247,Dixie Yoder,Art,Cooking,Gardening,NA,NA,NA
248,Adriel Walton,Art,Music,Photography,Reading,Art,NA
249,Madilynn Bonilla,Tech,Travel,Pets,Photography,Fitness,NA
250,Bradley Cordova,Marketing,Music,Art,NA,NA,NA
251,Elisabeth Holmes,Art,Movies/TV Shows,Volunteering,Travel,Music,NA
252,Hayley Hardy,Tech,Music,Pets,NA,NA,NA
253,Casey Schaefer,Marketing,Fitness,Crafts,Reading,NA,NA
254,Tristin Manning,Marketing,Movies/TV Shows,Reading,Sports,NA,NA
255,Elisha Glass,Art,Sports,Reading,Movies/TV Shows,Travel,NA
256,Khloe Hodge,Marketing,Movies/TV Shows,Environment,Photography,Volunteering,NA
257,Brisa Yoder,Art,Environment,Photography,NA,NA,NA
258,Margaret Conway,Tech,Music,Pets,Technology,Reading,Volunteering
259,Christian Bernard,Marketing,Gardening,Environment,Reading,NA,NA
260,Aliyah Wells,Marketing,Cooking,Fitness,Pets,Technology,Gardening
261,Gavin Little,Marketing,Music,Pets,Photography,NA,NA
262,Zaire Zamora,Tech,Fitness,Art,NA,NA,NA
263,Lillie Clark,Art,Volunteering,Environment,NA,NA,NA
264,Phoenix Humphrey,Tech,Travel,Gardening,NA,NA,NA
265,Zariah Terrell,Tech,Music,Movies/TV Shows,Cooking,Crafts,Environment
266,Shiloh Foster,Art,Gardening,Fitness,NA,NA,NA
267,Blaine Gilbert,Art,Sports,Movies/TV Shows,Gardening,Volunteering,Music
268,Bria Hays,Marketing,Cooking,Movies/TV Shows,Technology,NA,NA
269,Shaun Waters,Tech,Movies/TV Shows,Reading,Gardening,Fitness,Technology
270,Rohan Navarro,Marketing,Movies/TV Shows,Fitness,Music,Technology,NA
271,Daniella Nguyen,Tech,Music,Photography,Art,Technology,NA
272,Andres Nguyen,Art,Movies/TV Shows,Sports,Fitness,NA,NA
273,Gregory Mckinney,Art,Art,Photography,Environment,Pets,Reading
274,Amanda Knapp,Tech,Gardening,Sports,NA,NA,NA
275,Felicity Blake,Tech,Photography,Crafts,NA,NA,NA
276,Evangeline Snow,Marketing,Fitness,Travel,Crafts,NA,NA
277,Janae Bush,Marketing,Art,Travel,NA,NA,NA
278,Kiersten Butler,Tech,Pets,Technology,Music,Volunteering,NA
279,Harper Roberson,Art,Sports,Travel,Environment,Movies/TV Shows,Volunteering
280,King Porter,Tech,Pets,Movies/TV Shows,NA,NA,NA
281,Brittany Aguirre,Tech,Movies/TV Shows,Travel,Environment,Fitness,NA
282,Elliott Schmitt,Tech,Cooking,Crafts,NA,NA,NA
283,Sierra Delgado,Tech,Pets,Volunteering,Environment,Travel,NA
284,Kimora Phillips,Tech,Environment,Pets,NA,NA,NA
285,Ty Esparza,Art,Gardening,Photography,Volunteering,Music,Cooking
286,Tessa Watkins,Art,Sports,Music,Travel,Photography,NA
287,Dillan Allison,Art,Sports,Fitness,Movies/TV Shows,Music,NA
288,Kelsie Davis,Tech,Sports,Reading,Technology,Gardening,NA
289,Tucker Stephens,Marketing,Travel,Reading,Volunteering,NA,NA
290,Alessandro Good,Art,Crafts,Gardening,Fitness,NA,NA
291,Mylie Potter,Art,Gardening,Travel,Pets,Environment,NA
292,Delaney Barnes,Art,Movies/TV Shows,Environment,Art,NA,NA
293,Roderick Beasley,Art,Technology,Art,NA,NA,NA
294,Megan Bailey,Art,Travel,Cooking,Art,Sports,Reading
295,Kaleb Khan,Tech,Crafts,Art,NA,NA,NA
296,Theodore Bass,Art,Sports,Gardening,Music,Technology,Movies/TV Shows
297,Parker Allison,Marketing,Pets,Gardening,NA,NA,NA
298,Megan Moss,Art,Pets,Reading,Technology,Movies/TV Shows,Fitness
299,Rachael Choi,Tech,Music,Volunteering,Sports,Pets,Crafts
300,Cedric Rivas,Marketing,Movies/TV Shows,Volunteering,Reading,Environment,Pets
301,Hudson Church,Marketing,Gardening,Reading,Crafts,NA,NA
302,Porter Woodard,Art,Environment,Volunteering,Gardening,Photography,NA
303,Makaila Cardenas,Tech,Photography,Sports,NA,NA,NA
304,Amira Alexander,Art,Travel,Crafts,Reading,Volunteering,NA
305,Megan Vaughan,Art,Reading,Fitness,Music,Art,Cooking
306,Kamren Matthews,Tech,Art,Environment,Volunteering,Pets,NA
307,Alexander Miranda,Marketing,Photography,Environment,NA,NA,NA
308,Zackary Wilcox,Art,Art,Pets,Technology,NA,NA
309,Francis Roberson,Marketing,Technology,Reading,Cooking,Crafts,NA
310,Raymond Goodwin,Art,Gardening,Pets,Environment,NA,NA
311,Marvin Griffith,Art,Photography,Fitness,NA,NA,NA
312,Braelyn Nichols,Art,Sports,Gardening,Photography,Art,NA
313,Iris Conrad,Art,Photography,Volunteering,Sports,Reading,Cooking
314,Javion Key,Marketing,Movies/TV Shows,Sports,Volunteering,Cooking,NA
315,Raquel Francis,Marketing,Cooking,Volunteering,NA,NA,NA
316,Saige Nunez,Art,Sports,Photography,Cooking,Fitness,NA
317,Abbigail Knapp,Tech,Technology,Photography,Travel,Gardening,NA
318,Esteban Brennan,Marketing,Environment,Photography,Crafts,Pets,Reading
319,Bethany Warner,Tech,Sports,Environment,NA,NA,NA
320,Sullivan Dalton,Art,Fitness,Reading,NA,NA,NA
321,Emily Brennan,Tech,Reading,Environment,NA,NA,NA
322,Colin Carr,Art,Environment,Travel,Photography,NA,NA
323,Marissa Banks,Tech,Travel,Pets,Music,Reading,NA
324,Sheldon Buckley,Tech,Cooking,Technology,NA,NA,NA
325,Uriel Hayes,Art,Fitness,Volunteering,NA,NA,NA
326,Livia Foster,Marketing,Gardening,Sports,NA,NA,NA
327,Abdullah Bond,Tech,Environment,Reading,Pets,Sports,NA
328,Aniyah Fletcher,Art,Volunteering,Fitness,Art,Pets,Technology
329,Mario Bailey,Tech,Movies/TV Shows,Environment,NA,NA,NA
330,Annalise Pineda,Tech,Volunteering,Movies/TV Shows,NA,NA,NA
331,Laura Nixon,Tech,Music,Reading,Movies/TV Shows,NA,NA
332,Kenya Molina,Marketing,Movies/TV Shows,Pets,NA,NA,NA
333,Eden Drake,Marketing,Cooking,Travel,Pets,Crafts,Volunteering
334,Markus Manning,Art,Art,Music,Reading,Cooking,Crafts
335,Jared Snyder,Marketing,Volunteering,Reading,NA,NA,NA
336,Brett Warner,Art,Art,Crafts,NA,NA,NA
337,Nevaeh Vang,Art,Art,Crafts,Gardening,Cooking,Fitness
338,Aliana Norton,Art,Sports,Environment,Pets,Art,Travel
339,Clark Solomon,Art,Movies/TV Shows,Pets,Volunteering,Environment,Sports
340,Holly Brennan,Art,Movies/TV Shows,Travel,Technology,Fitness,Volunteering
341,Katie Bentley,Art,Movies/TV Shows,Pets,NA,NA,NA
342,Katelynn Jenkins,Marketing,Environment,Travel,Pets,Reading,Gardening
343,Hassan Andrade,Marketing,Cooking,Technology,Crafts,Gardening,NA
344,Brenna Pham,Tech,Travel,Movies/TV Shows,Volunteering,Reading,Environment
345,Danna House,Tech,Cooking,Travel,Photography,Music,Art
346,Carsen Snow,Marketing,Fitness,Gardening,Art,Photography,NA
347,Aaden Patterson,Marketing,Volunteering,Pets,NA,NA,NA
348,Elle Norris,Tech,Reading,Sports,NA,NA,NA
349,Grady Campos,Marketing,Pets,Environment,Music,Fitness,NA
350,Angela Berger,Tech,Technology,Fitness,Travel,NA,NA
351,Nathen Bean,Marketing,Volunteering,Travel,Environment,Gardening,NA
352,Soren Humphrey,Marketing,Sports,Technology,Volunteering,Pets,NA
353,Alison Arroyo,Marketing,Travel,Fitness,Gardening,Art,Photography
354,Penelope Hawkins,Tech,Cooking,Volunteering,NA,NA,NA
355,Trevin Greer,Marketing,Technology,Art,Cooking,NA,NA
356,Milo Pope,Marketing,Music,Gardening,Travel,Environment,Volunteering
357,Ezequiel Zamora,Art,Crafts,Music,NA,NA,NA
358,Bryan Spence,Marketing,Reading,Technology,Music,Cooking,Environment
359,Carlee Gutierrez,Marketing,Pets,Sports,NA,NA,NA
360,Finnegan Prince,Marketing,Technology,Gardening,Reading,NA,NA
361,Harper Bowen,Tech,Gardening,Environment,Art,NA,NA
362,Drew Tate,Art,Reading,Travel,Cooking,Photography,NA
363,Karen Silva,Marketing,Fitness,Gardening,Pets,Environment,NA
364,Hana Huffman,Art,Crafts,Pets,Fitness,Photography,NA
365,Felicity Miles,Tech,Fitness,Sports,Reading,NA,NA
366,Marquis Perez,Art,Cooking,Movies/TV Shows,Travel,NA,NA
367,Dereon Lang,Art,Art,Fitness,Pets,Technology,NA
368,Henry Vasquez,Marketing,Environment,Movies/TV Shows,Pets,Music,Technology
369,Zoe Gill,Tech,Fitness,Gardening,Sports,Music,NA
370,Trey Oneal,Marketing,Crafts,Travel,Reading,NA,NA
371,Julissa Conrad,Art,Cooking,Volunteering,Movies/TV Shows,NA,NA
372,Cecilia Andersen,Marketing,Art,Fitness,Cooking,NA,NA
373,Gavyn Baker,Tech,Volunteering,Art,Technology,NA,NA
374,Cristina Torres,Art,Cooking,Technology,NA,NA,NA
375,Shyanne Logan,Marketing,Movies/TV Shows,Photography,Music,Gardening,NA
376,Corey Sosa,Tech,Fitness,Music,Travel,Movies/TV Shows,NA
377,Jaslene Lopez,Tech,Environment,Photography,NA,NA,NA
378,Garrett Newton,Art,Music,Sports,NA,NA,NA
379,Nelson Bolton,Marketing,Travel,Cooking,Crafts,Pets,Fitness
380,Nick Parker,Art,Sports,Environment,NA,NA,NA
381,Rebekah Calderon,Marketing,Gardening,Travel,Art,NA,NA
382,Franklin Hancock,Marketing,Gardening,Technology,Crafts,NA,NA
383,Monica Pena,Marketing,Cooking,Gardening,Crafts,Music,Reading
384,Asa Prince,Art,Gardening,Cooking,Fitness,Art,Music
385,Amina Mitchell,Art,Volunteering,Fitness,Pets,Sports,Movies/TV Shows
386,Audrina Gonzalez,Art,Fitness,Crafts,Travel,NA,NA
387,Marianna Barr,Tech,Movies/TV Shows,Gardening,Volunteering,Technology,NA
388,Lexi Mccormick,Marketing,Travel,Fitness,Gardening,Music,NA
389,Ava Padilla,Tech,Movies/TV Shows,Fitness,Reading,Photography,Art
390,Marilyn Horn,Art,Reading,Travel,Movies/TV Shows,NA,NA
391,Jaylin Davies,Tech,Crafts,Photography,NA,NA,NA
392,Frida Calderon,Marketing,Travel,Photography,Movies/TV Shows,Technology,NA
393,Mikaela Robinson,Art,Movies/TV Shows,Pets,Environment,Technology,NA
394,Judah Grimes,Tech,Crafts,Photography,Movies/TV Shows,NA,NA
395,Lillie Cummings,Tech,Travel,Environment,Technology,NA,NA
396,Zoe Bowen,Marketing,Travel,Volunteering,Reading,NA,NA
397,Dennis Stein,Marketing,Crafts,Gardening,Volunteering,Travel,NA
398,Tyler Strickland,Tech,Art,Environment,Cooking,NA,NA
399,Dillan Wells,Marketing,Technology,Volunteering,Cooking,NA,NA
400,Aedan Hartman,Marketing,Fitness,Pets,Music,Gardening,NA
401,Regina Barnett,Art,Photography,Movies/TV Shows,Sports,Technology,Crafts
402,Antwan Ortega,Tech,Volunteering,Fitness,Technology,Travel,Cooking
403,Jakobe Monroe,Tech,Cooking,Movies/TV Shows,Sports,Volunteering,Art
404,Kingston Bowen,Tech,Gardening,Reading,Photography,NA,NA
405,Lillie Jones,Marketing,Gardening,Crafts,NA,NA,NA
406,Cristina Meza,Marketing,Travel,Crafts,Volunteering,NA,NA
407,Emilio Kelley,Art,Travel,Cooking,Movies/TV Shows,Photography,Pets
408,Jonathan Schaefer,Tech,Crafts,Reading,Travel,NA,NA
409,Aron Brandt,Art,Travel,Sports,Gardening,NA,NA
410,Mia Kerr,Marketing,Fitness,Gardening,NA,NA,NA
411,Dwayne Stanley,Art,Art,Cooking,NA,NA,NA
412,Isabelle Mclaughlin,Marketing,Music,Technology,Travel,Photography,Reading
413,Helen Dyer,Marketing,Travel,Music,Crafts,Gardening,Fitness
414,Serenity Mueller,Art,Technology,Environment,Travel,NA,NA
415,Connor Day,Tech,Photography,Sports,Cooking,NA,NA
416,Deandre Sellers,Art,Crafts,Art,Gardening,Movies/TV Shows,NA
417,Gisselle Hunt,Art,Photography,Pets,Environment,Volunteering,Gardening
418,Cali Burns,Tech,Pets,Travel,Art,Cooking,NA
419,Meredith Schneider,Marketing,Gardening,Cooking,Art,Technology,NA
420,Howard Stark,Tech,Environment,Travel,Music,Pets,NA
421,Terrell Fritz,Marketing,Environment,Crafts,Volunteering,Travel,NA
422,Alani Bush,Tech,Sports,Movies/TV Shows,Cooking,Environment,NA
423,Joslyn Joseph,Marketing,Gardening,Movies/TV Shows,Reading,NA,NA
424,Kylan Curry,Art,Cooking,Environment,Crafts,NA,NA
425,Reina Reeves,Art,Photography,Pets,Sports,Technology,Reading
426,Emmett Potts,Tech,Crafts,Sports,Pets,Technology,NA
427,Alia Griffith,Tech,Sports,Gardening,Movies/TV Shows,NA,NA
428,Deacon Ellis,Tech,Gardening,Travel,Movies/TV Shows,NA,NA
429,Aliya Cox,Art,Reading,Movies/TV Shows,Music,Cooking,NA
430,Jenny York,Marketing,Environment,Cooking,Art,Photography,NA
431,Nina Blair,Tech,Volunteering,Sports,NA,NA,NA
432,Alec Melton,Tech,Pets,Fitness,Cooking,Movies/TV Shows,Crafts
433,Alani Wilkins,Marketing,Travel,Gardening,Volunteering,Photography,NA
434,Emanuel Cortez,Tech,Travel,Technology,NA,NA,NA
435,Cristal Frank,Marketing,Reading,Fitness,NA,NA,NA
436,Arjun Crosby,Tech,Movies/TV Shows,Travel,Cooking,Sports,Volunteering
437,Arianna Fletcher,Marketing,Photography,Music,Reading,Gardening,Cooking
438,Ayanna Barton,Tech,Pets,Cooking,NA,NA,NA
439,Maribel Whitehead,Tech,Sports,Pets,Technology,Crafts,NA
440,Mara Bernard,Art,Movies/TV Shows,Travel,Pets,Fitness,Music
441,Greta Glass,Tech,Technology,Crafts,NA,NA,NA
442,Jaylynn Green,Marketing,Fitness,Travel,Movies/TV Shows,Volunteering,Gardening
443,Emilee Hurley,Tech,Fitness,Travel,Pets,NA,NA
444,Monica Osborn,Art,Volunteering,Movies/TV Shows,Music,Photography,Cooking
445,Titus Padilla,Marketing,Gardening,Sports,Reading,Travel,NA
446,Piper Hughes,Tech,Reading,Art,NA,NA,NA
447,Kylee Pittman,Art,Technology,Sports,Cooking,Volunteering,Environment
448,Janiah Mcgee,Marketing,Cooking,Reading,Gardening,Movies/TV Shows,Sports
449,Mila Hanson,Art,Art,Travel,NA,NA,NA
450,Marcus Juarez,Marketing,Travel,Reading,Technology,Cooking,Crafts
451,Angel Nicholson,Tech,Photography,Movies/TV Shows,Volunteering,Technology,NA
452,Anika Walker,Marketing,Photography,Environment,NA,NA,NA
453,Griffin Sharp,Art,Technology,Art,NA,NA,NA
454,Casey Kaiser,Tech,Music,Fitness,Sports,NA,NA
455,Reece Cordova,Tech,Art,Travel,NA,NA,NA
456,Nelson Carney,Marketing,Fitness,Pets,Sports,Volunteering,NA
457,Elise Tyler,Tech,Art,Reading,NA,NA,NA
458,Yadiel Solis,Art,Crafts,Cooking,Environment,Photography,NA
459,Zaniyah Turner,Tech,Reading,Sports,NA,NA,NA
460,Keegan Elliott,Art,Crafts,Reading,Movies/TV Shows,Sports,NA
461,Austin Randolph,Art,Environment,Art,NA,NA,NA
462,Shannon Terrell,Marketing,Volunteering,Cooking,Travel,NA,NA
463,Mallory Shelton,Tech,Gardening,Movies/TV Shows,NA,NA,NA
464,Wesley Esparza,Tech,Technology,Reading,Music,Art,Crafts
465,Danica Arroyo,Marketing,Movies/TV Shows,Volunteering,NA,NA,NA
466,Dwayne Li,Marketing,Pets,Music,Art,Volunteering,Environment
467,Lydia Washington,Tech,Fitness,Sports,Photography,NA,NA
468,Tristian Harrington,Marketing,Volunteering,Gardening,NA,NA,NA
469,Miya Moses,Art,Movies/TV Shows,Photography,Art,Gardening,NA
470,Cristal Atkinson,Tech,Gardening,Sports,Crafts,NA,NA
471,Valentino Armstrong,Marketing,Sports,Art,NA,NA,NA
472,Dean Dudley,Tech,Sports,Technology,Crafts,Music,NA
473,Owen Perry,Art,Art,Reading,NA,NA,NA
474,Franco Norman,Tech,Gardening,Sports,Cooking,NA,NA
475,Nicholas Blake,Art,Pets,Photography,Volunteering,Sports,Movies/TV Shows
476,Evelin Moreno,Marketing,Environment,Fitness,NA,NA,NA
477,Mikayla Gould,Marketing,Pets,Art,NA,NA,NA
478,Jamarion Good,Tech,Gardening,Art,Travel,Sports,Environment
479,Allie Beasley,Marketing,Music,Movies/TV Shows,Photography,Volunteering,Gardening
480,Leroy Orr,Tech,Sports,Environment,Technology,NA,NA
481,Jaelynn Walton,Art,Art,Fitness,NA,NA,NA
482,Chanel Barajas,Marketing,Crafts,Gardening,Photography,Art,Music
483,Osvaldo Schmitt,Tech,Cooking,Reading,Pets,Art,Crafts
484,Maddison Arellano,Marketing,Crafts,Gardening,Movies/TV Shows,NA,NA
485,Tyshawn Schneider,Art,Crafts,Movies/TV Shows,Pets,NA,NA
486,Braylon Reese,Tech,Travel,Photography,Cooking,Fitness,Movies/TV Shows
487,Jaxon Wolf,Marketing,Art,Sports,Gardening,Cooking,Crafts
488,Bo Ortiz,Art,Fitness,Sports,Technology,Cooking,NA
489,Selena Waller,Marketing,Travel,Art,Crafts,Music,Movies/TV Shows
490,Gina Henry,Tech,Technology,Reading,Travel,Music,Art
491,Lewis Chapman,Marketing,Sports,Music,NA,NA,NA
492,Franklin Norton,Tech,Movies/TV Shows,Technology,NA,NA,NA
493,Kiara Patton,Marketing,Cooking,Gardening,Environment,Travel,NA
494,Aleah Harvey,Tech,Movies/TV Shows,Fitness,NA,NA,NA
495,Tamara Hatfield,Marketing,Pets,Technology,NA,NA,NA
496,Mckenzie Hickman,Art,Reading,Volunteering,Gardening,Music,NA
497,Elliot Kane,Art,Cooking,Gardening,NA,NA,NA
498,Lilah Owen,Art,Movies/TV Shows,Photography,Fitness,Reading,NA
499,Amir Mack,Marketing,Crafts,Cooking,Travel,NA,NA
500,Lewis Hart,Art,Reading,Photography,NA,NA,NA
501,Jonathon Flynn,Art,Music,Sports,Movies/TV Shows,Gardening,NA
502,Mariam Hogan,Tech,Crafts,Music,Sports,Fitness,NA
503,Angel Hodge,Marketing,Art,Photography,NA,NA,NA
504,Aron Rose,Marketing,Pets,Environment,Reading,NA,NA
505,Ellen Wade,Marketing,Movies/TV Shows,Sports,Photography,Art,NA
506,Essence Ray,Marketing,Environment,Music,NA,NA,NA
507,Aliana Spencer,Art,Volunteering,Art,Movies/TV Shows,Gardening,NA
508,Wade Robinson,Art,Movies/TV Shows,Crafts,Photography,Volunteering,NA
509,America Lowe,Marketing,Volunteering,Reading,Pets,NA,NA
510,Yazmin Benson,Marketing,Volunteering,Crafts,Photography,NA,NA
511,Sarai Mcgee,Marketing,Reading,Fitness,Sports,Photography,Cooking
512,Amiah Becker,Art,Reading,Sports,Volunteering,Music,Environment
513,Valerie Stuart,Tech,Travel,Movies/TV Shows,Gardening,NA,NA
514,Spencer Brady,Art,Technology,Crafts,Photography,Art,Music
515,Alyson Wilcox,Art,Photography,Volunteering,Environment,NA,NA
516,Adalyn Friedman,Tech,Pets,Reading,NA,NA,NA
517,Darius Dudley,Tech,Pets,Travel,Art,Environment,NA
518,Aydan Rivers,Tech,Crafts,Environment,Reading,NA,NA
519,Chasity Brennan,Art,Reading,Photography,NA,NA,NA
520,Devin Petty,Tech,Reading,Sports,Movies/TV Shows,Pets,NA
521,Mckayla Mcgee,Tech,Fitness,Cooking,Art,NA,NA
522,Lainey Young,Art,Music,Environment,NA,NA,NA
523,Lyric Hansen,Marketing,Music,Movies/TV Shows,NA,NA,NA
524,Hayley Hebert,Art,Technology,Sports,Reading,Gardening,Photography
525,Yamilet Barnett,Marketing,Travel,Volunteering,NA,NA,NA
526,Mohamed Pacheco,Art,Technology,Reading,Art,Pets,Cooking
527,Deacon Livingston,Art,Art,Cooking,Technology,Volunteering,Crafts
528,Makaila Baker,Art,Technology,Sports,NA,NA,NA
529,Madelyn Mitchell,Tech,Cooking,Photography,Crafts,NA,NA
530,Valentino Baxter,Art,Music,Cooking,NA,NA,NA
531,Juliana Chang,Marketing,Photography,Technology,Fitness,Gardening,Reading
532,Giuliana Noble,Marketing,Technology,Gardening,Environment,Music,NA
533,Roman Davis,Marketing,Art,Crafts,Gardening,Reading,NA
534,Tiara Mcknight,Tech,Reading,Art,Volunteering,Music,NA
535,Joselyn Stein,Art,Volunteering,Reading,NA,NA,NA
536,Aaron Bell,Tech,Sports,Volunteering,Travel,Gardening,NA
537,Adalynn Cardenas,Marketing,Gardening,Sports,Art,Crafts,NA
538,Landen Cobb,Art,Environment,Art,Crafts,NA,NA
539,Timothy Galvan,Art,Technology,Travel,Sports,Pets,Gardening
540,Georgia Estrada,Art,Crafts,Music,Photography,NA,NA
541,Addison Whitaker,Marketing,Sports,Reading,NA,NA,NA
542,Myles French,Marketing,Travel,Cooking,Music,Photography,Pets
543,Jaylan Farmer,Tech,Art,Fitness,Photography,Movies/TV Shows,NA
544,Keely Riddle,Art,Art,Gardening,Travel,Photography,NA
545,Ali Morris,Art,Environment,Crafts,NA,NA,NA
546,Isabel Perry,Marketing,Movies/TV Shows,Travel,Technology,NA,NA
547,Maia Fuentes,Marketing,Volunteering,Music,Reading,NA,NA
548,Harrison Hess,Art,Crafts,Art,Gardening,NA,NA
549,Renee Cannon,Marketing,Reading,Gardening,Travel,Volunteering,NA
550,Darnell Martin,Marketing,Movies/TV Shows,Sports,Fitness,Photography,Music
551,Nikhil Munoz,Art,Technology,Gardening,Reading,Travel,Music
552,Daniel Frederick,Marketing,Art,Music,Travel,Gardening,NA
553,Valeria Manning,Marketing,Cooking,Reading,Technology,Fitness,NA
554,Penelope Tapia,Tech,Travel,Crafts,Sports,Movies/TV Shows,NA
555,Trenton Cobb,Marketing,Fitness,Photography,Environment,Travel,NA
556,Karla Lester,Tech,Technology,Movies/TV Shows,Volunteering,NA,NA
557,Caitlyn Lin,Art,Technology,Crafts,Art,Travel,NA
558,Isabella Conley,Tech,Movies/TV Shows,Fitness,Technology,NA,NA
559,Itzel Stokes,Marketing,Technology,Fitness,NA,NA,NA
560,Frances Rodgers,Art,Environment,Cooking,NA,NA,NA
561,Hezekiah Patrick,Marketing,Sports,Art,Cooking,Technology,Music
562,Michael Yu,Art,Volunteering,Environment,Music,NA,NA
563,Todd Maddox,Art,Gardening,Fitness,NA,NA,NA
564,Ximena Randolph,Art,Environment,Gardening,Reading,Crafts,NA
565,Angie Rivers,Marketing,Gardening,Pets,Technology,Volunteering,Movies/TV Shows
566,Serenity Baker,Marketing,Crafts,Technology,Photography,NA,NA
567,Camren Swanson,Art,Reading,Cooking,NA,NA,NA
568,Hallie Castro,Marketing,Technology,Crafts,NA,NA,NA
569,Libby Hayden,Art,Art,Technology,Photography,Environment,Cooking
570,Jesse Valenzuela,Marketing,Movies/TV Shows,Reading,Pets,NA,NA
571,Immanuel Conway,Art,Crafts,Sports,Music,Movies/TV Shows,NA
572,Mya Singleton,Art,Pets,Cooking,Art,NA,NA
573,Harley Francis,Tech,Technology,Photography,NA,NA,NA
574,Jett Higgins,Art,Fitness,Gardening,Photography,NA,NA
575,Phoenix Hartman,Marketing,Volunteering,Cooking,Sports,Environment,NA
576,Julianna Greer,Art,Technology,Crafts,Art,NA,NA
577,Angelica Mcmahon,Tech,Technology,Gardening,Photography,NA,NA
578,Cara Clarke,Art,Gardening,Movies/TV Shows,Crafts,Reading,NA
579,Cristina Bennett,Art,Environment,Volunteering,Gardening,NA,NA
580,Kristina Cain,Art,Gardening,Travel,Reading,Movies/TV Shows,Volunteering
581,Kristian Green,Art,Crafts,Music,NA,NA,NA
582,Salma Kidd,Marketing,Reading,Art,Gardening,Music,NA
583,Dana Case,Art,Technology,Environment,NA,NA,NA
584,Karli Burnett,Marketing,Fitness,Crafts,Reading,NA,NA
585,Scott Stanton,Tech,Sports,Photography,NA,NA,NA
586,Jaydon Pittman,Tech,Environment,Music,Reading,NA,NA
587,Blaine Marshall,Art,Gardening,Pets,NA,NA,NA
588,Alexia Stark,Marketing,Gardening,Photography,NA,NA,NA
589,Bryce Bush,Tech,Environment,Art,NA,NA,NA
590,Curtis Osborne,Art,Movies/TV Shows,Volunteering,Sports,NA,NA
591,Belen Charles,Art,Travel,Sports,Music,Pets,NA
592,Chanel Novak,Tech,Music,Volunteering,Crafts,Cooking,NA
593,Brayden Sellers,Art,Pets,Technology,Travel,NA,NA
594,Lindsey Shepherd,Marketing,Art,Photography,Crafts,NA,NA
595,Tyrese Warren,Art,Environment,Travel,Pets,Volunteering,NA
596,Tia Terry,Tech,Volunteering,Photography,Pets,Reading,NA
597,Christine Ballard,Tech,Fitness,Technology,Cooking,NA,NA
598,Hugo Mayo,Tech,Environment,Cooking,Gardening,Pets,NA
599,Leroy Bowman,Tech,Cooking,Fitness,NA,NA,NA
600,Alisa Oliver,Marketing,Crafts,Cooking,Environment,NA,NA
601,Aiden Forbes,Art,Pets,Volunteering,NA,NA,NA
602,Alanna Monroe,Tech,Gardening,Photography,Art,Fitness,NA
603,Rigoberto Austin,Art,Art,Environment,Crafts,Movies/TV Shows,Cooking
604,Evelyn Lane,Tech,Technology,Cooking,Photography,Environment,Art
605,Alexis Hernandez,Marketing,Volunteering,Reading,NA,NA,NA
606,Zack Vargas,Tech,Cooking,Volunteering,NA,NA,NA
607,Alejandra Vega,Tech,Photography,Movies/TV Shows,NA,NA,NA
608,Jakayla Joyce,Marketing,Environment,Volunteering,Art,NA,NA
609,Trenton Richmond,Art,Technology,Volunteering,Music,NA,NA
610,Miah Lucas,Tech,Volunteering,Travel,Art,Cooking,NA
611,Reina Schaefer,Art,Reading,Movies/TV Shows,Volunteering,Gardening,NA
612,Kaelyn Flowers,Tech,Fitness,Travel,Pets,NA,NA
613,Cannon Martinez,Tech,Movies/TV Shows,Photography,Music,Cooking,NA
614,Andre White,Tech,Art,Photography,Reading,Music,Volunteering
615,Stella Kim,Art,Reading,Movies/TV Shows,Photography,NA,NA
616,Tyrone Robertson,Art,Photography,Pets,Volunteering,NA,NA
617,Hayley Wilkerson,Art,Environment,Sports,Photography,NA,NA
618,Tyrese Bolton,Marketing,Gardening,Crafts,Art,Travel,Fitness
619,Litzy Bird,Tech,Movies/TV Shows,Technology,Cooking,Pets,Crafts
620,Corbin Vance,Art,Music,Cooking,Photography,NA,NA
621,Arthur Ponce,Tech,Art,Sports,Movies/TV Shows,NA,NA
622,Carlo Spencer,Tech,Cooking,Environment,NA,NA,NA
623,Zariah Campbell,Tech,Cooking,Crafts,Fitness,NA,NA
624,Joanna Riddle,Tech,Pets,Gardening,NA,NA,NA
625,Salvador Bauer,Marketing,Technology,Pets,Reading,Music,Fitness
626,Sanai Taylor,Tech,Music,Photography,Fitness,NA,NA
627,Dante Freeman,Marketing,Music,Technology,Cooking,Movies/TV Shows,Gardening
628,Finnegan Anthony,Art,Cooking,Music,Volunteering,Reading,Pets
629,Drew Aguirre,Tech,Pets,Art,Reading,Sports,Gardening
630,Emiliano Wiley,Marketing,Crafts,Movies/TV Shows,Pets,Travel,Gardening
631,Duncan Barrett,Tech,Sports,Cooking,Gardening,Art,Photography
632,Essence Rubio,Marketing,Reading,Movies/TV Shows,NA,NA,NA
633,Nicholas Waters,Art,Music,Technology,NA,NA,NA
634,Beckett Zuniga,Tech,Volunteering,Movies/TV Shows,NA,NA,NA
635,Brock Combs,Marketing,Reading,Technology,Cooking,NA,NA
636,Colten Norris,Tech,Environment,Fitness,Cooking,NA,NA
637,Chris Gutierrez,Art,Art,Photography,NA,NA,NA
638,Lilliana Cross,Art,Environment,Pets,NA,NA,NA
639,Joseph Andrade,Art,Sports,Gardening,Photography,NA,NA
640,Talia Mason,Marketing,Pets,Gardening,Music,Travel,Volunteering
641,Ramiro Petersen,Tech,Environment,Travel,Volunteering,Photography,Fitness
642,Kaitlin Summers,Marketing,Technology,Pets,Crafts,Travel,NA
643,Romeo Robertson,Art,Movies/TV Shows,Volunteering,Cooking,Pets,NA
644,Rudy Miles,Tech,Music,Crafts,NA,NA,NA
645,Tony Waters,Art,Cooking,Sports,Photography,Art,Travel
646,Amelie Browning,Marketing,Music,Cooking,NA,NA,NA
647,Micah Rogers,Tech,Gardening,Pets,Reading,Crafts,Music
648,Kaylie Russell,Art,Crafts,Art,Pets,Photography,Reading
649,Raegan York,Art,Fitness,Movies/TV Shows,Gardening,Photography,Cooking
650,Sincere Johnston,Marketing,Travel,Photography,Pets,NA,NA
651,Fatima Duncan,Art,Photography,Travel,Reading,Gardening,Music
652,Gillian Duncan,Tech,Art,Photography,Gardening,Volunteering,NA
653,Brynlee Larsen,Art,Movies/TV Shows,Pets,NA,NA,NA
654,Camilla Hutchinson,Tech,Fitness,Photography,Reading,NA,NA
655,Brock Skinner,Marketing,Volunteering,Art,Environment,NA,NA
656,Talon Friedman,Marketing,Music,Fitness,NA,NA,NA
657,Casey Mcbride,Art,Environment,Crafts,NA,NA,NA
658,Aydin Cunningham,Tech,Reading,Music,NA,NA,NA
659,Peyton Mcconnell,Tech,Music,Art,Sports,Crafts,Travel
660,Denisse Brooks,Art,Gardening,Travel,Sports,NA,NA
661,Riley Townsend,Tech,Gardening,Photography,NA,NA,NA
662,Javion Andrews,Marketing,Art,Sports,NA,NA,NA
663,Paxton Solis,Art,Environment,Art,Cooking,NA,NA
664,Davin Daugherty,Tech,Fitness,Environment,Crafts,Photography,NA
665,Chaim Larsen,Marketing,Movies/TV Shows,Crafts,NA,NA,NA
666,Jasiah Wilcox,Art,Sports,Photography,Movies/TV Shows,NA,NA
667,Colton Hensley,Art,Pets,Cooking,Technology,Sports,Environment
668,Erick Parker,Art,Pets,Fitness,Reading,Photography,NA
669,Ezekiel Kirk,Tech,Pets,Cooking,NA,NA,NA
670,Carina Hubbard,Marketing,Music,Movies/TV Shows,Travel,Cooking,NA
671,Charles Clark,Tech,Music,Photography,Volunteering,Crafts,Gardening
672,Jaida Riley,Art,Gardening,Technology,Volunteering,Art,Sports
673,Dayanara Morton,Marketing,Fitness,Art,Environment,NA,NA
674,Hugh White,Tech,Sports,Volunteering,Cooking,Reading,Movies/TV Shows
675,Jagger Donovan,Tech,Environment,Music,Fitness,Crafts,NA
676,Yadira Mcdowell,Art,Crafts,Pets,Photography,NA,NA
677,Danny Woodard,Marketing,Sports,Reading,NA,NA,NA
678,Erin Oneill,Tech,Pets,Crafts,Reading,Sports,Technology
679,Amelie Hopkins,Marketing,Movies/TV Shows,Fitness,NA,NA,NA
680,Paula Kemp,Marketing,Gardening,Crafts,Travel,Music,Sports
681,Martha Grimes,Art,Environment,Volunteering,Art,Movies/TV Shows,NA
682,Adrian Arnold,Marketing,Fitness,Reading,NA,NA,NA
683,Marisol Cline,Art,Crafts,Photography,Volunteering,Sports,Environment
684,Laura Frazier,Art,Music,Sports,Travel,Environment,Photography
685,Sidney Horn,Marketing,Photography,Crafts,NA,NA,NA
686,Josue Sexton,Marketing,Environment,Volunteering,Art,Technology,Cooking
687,Brynn Mora,Tech,Technology,Reading,Pets,Sports,NA
688,Raven Bradshaw,Marketing,Reading,Movies/TV Shows,Travel,Environment,Crafts
689,Leanna Pugh,Marketing,Fitness,Reading,NA,NA,NA
690,Jaylee Haley,Marketing,Travel,Art,Technology,NA,NA
691,Dulce Strickland,Art,Gardening,Art,Photography,NA,NA
692,Trevor Gibson,Art,Movies/TV Shows,Fitness,NA,NA,NA
693,Abdiel Larson,Tech,Cooking,Music,NA,NA,NA
694,Kadence Morrison,Tech,Movies/TV Shows,Volunteering,Photography,NA,NA
695,Jasper Nicholson,Tech,Environment,Sports,Fitness,Pets,NA
696,Angelique Weber,Marketing,Fitness,Travel,Photography,NA,NA
697,Nora Brewer,Marketing,Travel,Art,Volunteering,NA,NA
698,Tiffany Ford,Art,Sports,Cooking,Photography,Reading,Movies/TV Shows
699,George Hampton,Marketing,Pets,Environment,Photography,Technology,NA
700,Cordell Burns,Art,Music,Cooking,Movies/TV Shows,Fitness,Crafts
701,Kyson Cain,Marketing,Pets,Fitness,Photography,Reading,NA
702,Lexie Bowen,Art,Crafts,Technology,Movies/TV Shows,Cooking,NA
703,Reyna Lopez,Art,Reading,Gardening,Movies/TV Shows,Cooking,NA
704,Marissa Luna,Tech,Sports,Fitness,Volunteering,NA,NA
705,Noah Hickman,Marketing,Technology,Pets,Movies/TV Shows,NA,NA
706,Kinley Moss,Art,Volunteering,Reading,Art,NA,NA
707,Isaias Gonzalez,Art,Pets,Photography,Crafts,Volunteering,Art
708,Akira Kemp,Tech,Gardening,Technology,Reading,Travel,NA
709,Cristian Sheppard,Marketing,Fitness,Crafts,NA,NA,NA
710,Kathy Bishop,Tech,Volunteering,Gardening,Movies/TV Shows,Sports,Technology
711,Colin Poole,Art,Art,Crafts,Music,Volunteering,NA
712,Gaven Hanna,Tech,Crafts,Reading,Cooking,Art,NA
713,Elise Silva,Tech,Crafts,Technology,Pets,NA,NA
714,Victor Charles,Art,Music,Environment,Sports,Fitness,NA
715,Daniella Mcneil,Art,Gardening,Environment,NA,NA,NA
716,Michaela Ramirez,Marketing,Technology,Gardening,NA,NA,NA
717,Muhammad Bradley,Art,Crafts,Fitness,Music,Environment,Movies/TV Shows
718,Kasey House,Marketing,Music,Pets,Crafts,Movies/TV Shows,NA
719,Baron Fritz,Tech,Sports,Movies/TV Shows,Gardening,NA,NA
720,Davion Chase,Marketing,Movies/TV Shows,Pets,Reading,Crafts,NA
721,Caitlin Underwood,Art,Technology,Reading,Music,Movies/TV Shows,NA
722,Jorge Franklin,Art,Cooking,Travel,Sports,NA,NA
723,Atticus Travis,Art,Environment,Technology,NA,NA,NA
724,Jerimiah Robbins,Art,Environment,Art,Pets,Technology,Photography
725,Carter Villegas,Tech,Photography,Gardening,Cooking,Art,Crafts
726,Krista Mejia,Tech,Technology,Crafts,Movies/TV Shows,NA,NA
727,Martin Jones,Tech,Fitness,Reading,NA,NA,NA
728,Andreas Wolf,Art,Technology,Gardening,NA,NA,NA
729,Genevieve Conner,Tech,Travel,Photography,Gardening,Fitness,NA
730,Shelby Saunders,Art,Fitness,Reading,Gardening,Travel,NA
731,Nelson Thornton,Art,Gardening,Music,Pets,Movies/TV Shows,NA
732,Kendall Hendricks,Tech,Environment,Music,Cooking,NA,NA
733,Angela Rollins,Art,Cooking,Fitness,Crafts,Sports,NA
734,Amira Finley,Art,Travel,Photography,Pets,NA,NA
735,Easton Santana,Art,Volunteering,Crafts,Music,NA,NA
736,Tyree Navarro,Marketing,Reading,Pets,Art,Technology,Sports
737,Kimora Parsons,Tech,Crafts,Volunteering,Movies/TV Shows,Technology,Art
738,Darian Hester,Tech,Movies/TV Shows,Cooking,NA,NA,NA
739,Jorge Blair,Marketing,Cooking,Fitness,NA,NA,NA
740,Vaughn Cooke,Tech,Movies/TV Shows,Cooking,Travel,Volunteering,NA
741,Cadence Horne,Art,Crafts,Environment,Technology,NA,NA
742,Zaid Pineda,Marketing,Pets,Music,Environment,Technology,NA
743,Gage Parks,Tech,Music,Reading,Gardening,Pets,Photography
744,Marques Davis,Tech,Technology,Movies/TV Shows,Art,Fitness,Volunteering
745,Maya Thornton,Art,Environment,Music,Movies/TV Shows,Volunteering,Technology
746,Trent Day,Art,Cooking,Pets,NA,NA,NA
747,Khloe Castro,Tech,Photography,Sports,NA,NA,NA
748,Nola Jimenez,Art,Reading,Sports,Pets,NA,NA
749,Giovanny Bradshaw,Art,Gardening,Travel,Music,Photography,NA
750,Emerson Mann,Art,Music,Technology,NA,NA,NA
751,Antonio Mitchell,Marketing,Photography,Art,Pets,Cooking,Travel
752,Ryder Booth,Tech,Technology,Fitness,Movies/TV Shows,Pets,Photography
753,Lee Webster,Art,Technology,Travel,NA,NA,NA
754,Jamir Davenport,Art,Sports,Crafts,NA,NA,NA
755,Felicity Hodges,Marketing,Photography,Cooking,Gardening,NA,NA
756,Jayvon Ford,Art,Travel,Fitness,Music,Reading,NA
757,Kenyon Zuniga,Marketing,Music,Fitness,Pets,Art,NA
758,Gary Coffey,Tech,Environment,Movies/TV Shows,NA,NA,NA
759,Angelina Herrera,Marketing,Gardening,Sports,Environment,NA,NA
760,Sebastian Hale,Tech,Music,Pets,Reading,Technology,Environment
761,Samuel Hayden,Art,Movies/TV Shows,Fitness,Photography,Crafts,NA
762,Henry Wiggins,Marketing,Music,Travel,NA,NA,NA
763,Cassie Browning,Art,Sports,Fitness,Photography,Gardening,Art
764,Karina Sparks,Tech,Technology,Cooking,NA,NA,NA
765,Jean Coleman,Marketing,Environment,Technology,NA,NA,NA
766,Bryanna Dawson,Tech,Photography,Music,Volunteering,NA,NA
767,Aracely Garcia,Marketing,Movies/TV Shows,Music,Cooking,Technology,Environment
768,Genesis Fields,Tech,Photography,Volunteering,Crafts,Movies/TV Shows,Environment
769,Levi Underwood,Marketing,Sports,Reading,Cooking,Gardening,NA
770,Abagail Lucas,Art,Crafts,Sports,NA,NA,NA
771,Layne Hess,Marketing,Pets,Environment,Gardening,Cooking,Crafts
772,Sophie Cunningham,Marketing,Volunteering,Travel,Environment,Art,Cooking
773,Donald Rivera,Tech,Fitness,Pets,Movies/TV Shows,NA,NA
774,Byron Hernandez,Marketing,Crafts,Pets,NA,NA,NA
775,Harper Wong,Art,Technology,Travel,Art,NA,NA
776,Campbell Russell,Tech,Cooking,Travel,Reading,Fitness,Pets
777,Camryn Fitzgerald,Tech,Gardening,Travel,Photography,Fitness,Art
778,Rihanna Wells,Art,Cooking,Art,Reading,Technology,NA
779,Adrien Henderson,Marketing,Photography,Travel,Gardening,Fitness,NA
780,Jameson Zuniga,Marketing,Gardening,Cooking,Environment,Reading,NA
781,Tyrese Wilkinson,Marketing,Sports,Environment,Crafts,NA,NA
782,Maren Roberson,Tech,Volunteering,Gardening,Environment,Music,Cooking
783,Aimee Huang,Marketing,Technology,Fitness,Travel,Environment,Music
784,Nyasia Webb,Art,Gardening,Reading,Music,Travel,NA
785,Kailee French,Tech,Volunteering,Cooking,Music,Environment,NA
786,Scott Henry,Art,Reading,Crafts,Pets,Technology,NA
787,Felipe Graham,Marketing,Reading,Gardening,Cooking,Sports,NA
788,Ashanti Jones,Tech,Gardening,Volunteering,Crafts,NA,NA
789,Derick Beck,Tech,Travel,Sports,NA,NA,NA
790,Amaris Wolfe,Marketing,Photography,Cooking,Technology,NA,NA
791,Alisha Clements,Marketing,Gardening,Photography,Movies/TV Shows,Art,NA
792,Khalil Kemp,Art,Technology,Crafts,Pets,NA,NA
793,Ariella Wilkins,Art,Pets,Gardening,Art,Volunteering,Photography
794,Dangelo Oconnell,Marketing,Movies/TV Shows,Fitness,NA,NA,NA
795,Giuliana Fields,Tech,Reading,Movies/TV Shows,NA,NA,NA
796,Aylin Johnston,Tech,Movies/TV Shows,Environment,Sports,Cooking,Fitness
797,Braeden Trujillo,Tech,Movies/TV Shows,Sports,Technology,Travel,Environment
798,Esteban Pace,Tech,Sports,Movies/TV Shows,Crafts,Gardening,NA
799,Maverick Fry,Tech,Fitness,Art,Travel,Crafts,Gardening
800,Chana Mccormick,Art,Technology,Environment,Gardening,NA,NA
801,Belinda Camacho,Tech,Environment,Pets,NA,NA,NA
802,Lucian Johns,Art,Sports,Technology,Gardening,Travel,NA
803,Arnav Dodson,Marketing,Volunteering,Sports,NA,NA,NA
804,Aldo Hester,Marketing,Reading,Fitness,Sports,NA,NA
805,Lilian Lynch,Tech,Gardening,Movies/TV Shows,Photography,NA,NA
806,Walter Krueger,Tech,Sports,Travel,Crafts,Environment,Gardening
807,Asher Holmes,Art,Crafts,Art,Pets,NA,NA
808,Paloma Pruitt,Tech,Travel,Gardening,Music,Fitness,Volunteering
809,Naomi Warren,Marketing,Cooking,Volunteering,Sports,Art,Reading
810,Mila Mckee,Marketing,Reading,Technology,Art,Photography,Fitness
811,Arabella Hogan,Art,Environment,Travel,Technology,Art,Volunteering
812,Lorenzo Silva,Marketing,Environment,Sports,NA,NA,NA
813,Levi Martinez,Tech,Technology,Music,NA,NA,NA
814,Camren Soto,Art,Gardening,Art,Sports,Environment,Technology
815,Jazlyn Hess,Tech,Technology,Art,Photography,Volunteering,NA
816,Beckham Suarez,Marketing,Sports,Music,Environment,Art,Crafts
817,Gauge Cervantes,Art,Art,Technology,Volunteering,Crafts,Reading
818,Maddox Perry,Marketing,Reading,Gardening,Music,NA,NA
819,Jaliyah Mendez,Marketing,Travel,Sports,Crafts,NA,NA
820,Jovani Boyle,Art,Gardening,Crafts,Sports,Technology,Travel
821,Angel Blevins,Art,Sports,Art,Gardening,NA,NA
822,Iris Oconnor,Marketing,Travel,Pets,Music,NA,NA
823,Penelope Bradford,Marketing,Photography,Technology,Reading,Movies/TV Shows,Pets
824,Chloe Kaufman,Marketing,Technology,Environment,Reading,Fitness,Volunteering
825,Daniel Hays,Tech,Crafts,Environment,NA,NA,NA
826,Rebecca Zimmerman,Tech,Pets,Volunteering,NA,NA,NA
827,Lilly Buck,Art,Volunteering,Movies/TV Shows,Travel,Art,Crafts
828,Lukas Schmidt,Marketing,Photography,Gardening,Volunteering,Pets,Fitness
829,Emilia Kidd,Marketing,Photography,Travel,Volunteering,Cooking,NA
830,Giuliana Woodard,Art,Sports,Travel,Gardening,NA,NA
831,Macie Lewis,Marketing,Environment,Gardening,Sports,Travel,Music
832,Isabela Ellison,Tech,Crafts,Photography,Music,Volunteering,Fitness
833,Taryn Harrington,Marketing,Music,Environment,NA,NA,NA
834,Nathalia Stokes,Art,Movies/TV Shows,Technology,Travel,NA,NA
835,Yadira Huffman,Marketing,Music,Fitness,Crafts,NA,NA
836,Jack Flynn,Tech,Music,Fitness,Volunteering,Technology,NA
837,Colt Farrell,Tech,Music,Cooking,Reading,Art,Crafts
838,Jaelynn Thompson,Marketing,Gardening,Art,Reading,Cooking,NA
839,Mateo Brooks,Art,Reading,Travel,Fitness,Technology,NA
840,Malia Smith,Tech,Movies/TV Shows,Reading,NA,NA,NA
841,Jamari Gilbert,Tech,Travel,Gardening,Crafts,Movies/TV Shows,Art
842,Trevon Ritter,Art,Pets,Movies/TV Shows,Art,Fitness,Sports
843,Rohan Kelly,Marketing,Music,Volunteering,Movies/TV Shows,Gardening,Art
844,Kyan Wall,Marketing,Movies/TV Shows,Environment,Music,Travel,NA
845,Destiney Schneider,Marketing,Environment,Volunteering,NA,NA,NA
846,Felicity Rosales,Art,Fitness,Art,Music,Cooking,Volunteering
847,Jaliyah Riley,Art,Movies/TV Shows,Cooking,NA,NA,NA
848,Jorge Fisher,Art,Art,Music,NA,NA,NA
849,Taylor Barnes,Art,Cooking,Art,Crafts,Volunteering,NA
850,Octavio Walter,Art,Movies/TV Shows,Crafts,Pets,Cooking,Photography
851,Kelvin Blackburn,Art,Movies/TV Shows,Technology,NA,NA,NA
852,Jamarcus Wilkins,Art,Art,Environment,Movies/TV Shows,Cooking,Pets
853,Trace Weber,Art,Gardening,Art,Sports,Pets,Volunteering
854,Owen Kerr,Art,Photography,Pets,Volunteering,Art,Crafts
855,Trinity Abbott,Tech,Cooking,Photography,NA,NA,NA
856,Justine Patterson,Tech,Art,Crafts,Pets,NA,NA
857,Cara Steele,Art,Photography,Music,Movies/TV Shows,Reading,Fitness
858,Tristen Delacruz,Marketing,Art,Technology,Sports,Cooking,Travel
859,Leroy Acevedo,Tech,Technology,Environment,Pets,NA,NA
860,London Chen,Art,Fitness,Pets,Travel,Gardening,NA
861,Alan Whitaker,Marketing,Art,Pets,Environment,Gardening,Reading
862,Cristofer Benitez,Art,Gardening,Fitness,Reading,Sports,Environment
863,Natalia Valdez,Marketing,Pets,Photography,Fitness,NA,NA
864,Gillian Arellano,Tech,Volunteering,Cooking,Technology,Sports,Movies/TV Shows
865,Simon Best,Art,Cooking,Music,Photography,Travel,Reading
866,Braylon Salas,Tech,Environment,Music,Fitness,Travel,NA
867,Ryker Landry,Art,Volunteering,Technology,NA,NA,NA
868,Paityn White,Marketing,Art,Environment,Fitness,Photography,Music
869,Kendall Shaffer,Tech,Travel,Sports,Fitness,Pets,Art
870,Wesley Fischer,Tech,Cooking,Reading,Crafts,Photography,NA
871,Lara Juarez,Marketing,Technology,Reading,Music,NA,NA
872,Makayla Meza,Art,Photography,Crafts,Reading,Cooking,NA
873,Cali Yates,Art,Fitness,Technology,Movies/TV Shows,Photography,Sports
874,Juliet Wiggins,Art,Gardening,Movies/TV Shows,NA,NA,NA
875,Evan Brady,Art,Environment,Crafts,NA,NA,NA
876,Hugo Whitehead,Tech,Sports,Fitness,Technology,Cooking,NA
877,Quinton Evans,Art,Volunteering,Travel,Environment,Gardening,Reading
878,Amber Huff,Art,Technology,Music,Crafts,Movies/TV Shows,Volunteering
879,Jaiden Levine,Tech,Music,Crafts,Reading,NA,NA
880,Jair Gamble,Tech,Environment,Music,Photography,Fitness,Volunteering
881,Karley Griffin,Marketing,Technology,Travel,NA,NA,NA
882,Faith Mccann,Art,Travel,Reading,NA,NA,NA
883,Michelle Wade,Marketing,Volunteering,Pets,NA,NA,NA
884,Rayne Bates,Art,Reading,Cooking,Environment,Travel,Fitness
885,Alvin Schmitt,Marketing,Technology,Music,Cooking,NA,NA
886,Jaylyn Kennedy,Marketing,Reading,Crafts,Cooking,Technology,NA
887,Jocelynn Williams,Art,Cooking,Pets,Photography,Art,Technology
888,Oliver Branch,Marketing,Travel,Volunteering,Photography,NA,NA
889,Emerson Brady,Marketing,Technology,Music,Movies/TV Shows,Fitness,Travel
890,Elena Benson,Tech,Art,Technology,Movies/TV Shows,Pets,NA
891,Diego Lynn,Tech,Volunteering,Technology,Pets,NA,NA
892,Dario Hensley,Art,Gardening,Art,Crafts,Technology,NA
893,Deja Mata,Art,Technology,Fitness,Environment,Art,Gardening
894,Sean Pitts,Tech,Pets,Fitness,Reading,Sports,Cooking
895,Patricia Ortega,Art,Gardening,Music,Volunteering,NA,NA
896,Arthur Brewer,Marketing,Environment,Cooking,NA,NA,NA
897,Enrique Christian,Marketing,Photography,Crafts,Travel,NA,NA
898,Jesse Tapia,Art,Music,Volunteering,Crafts,NA,NA
899,Braylon Malone,Marketing,Technology,Movies/TV Shows,NA,NA,NA
900,Duncan Henson,Marketing,Fitness,Crafts,Pets,NA,NA
901,Damari Roy,Art,Pets,Environment,Cooking,Technology,Music
902,Nathan Conway,Marketing,Environment,Gardening,Fitness,NA,NA
903,Daphne Mendez,Art,Gardening,Crafts,Fitness,Art,NA
904,Madisyn Patrick,Art,Crafts,Environment,Sports,NA,NA
905,Bailey Cisneros,Tech,Fitness,Technology,Environment,Movies/TV Shows,NA
906,Janiya Riley,Marketing,Photography,Music,Fitness,Cooking,NA
907,Saul Castillo,Tech,Gardening,Cooking,Art,NA,NA
908,Maribel Brewer,Tech,Movies/TV Shows,Volunteering,Reading,NA,NA
909,Andreas Ward,Tech,Environment,Travel,Cooking,Pets,NA
910,Claudia Pitts,Art,Environment,Movies/TV Shows,Crafts,NA,NA
911,Brock Bender,Marketing,Movies/TV Shows,Pets,Art,Sports,NA
912,Juliana Gregory,Tech,Art,Movies/TV Shows,NA,NA,NA
913,Elisabeth Cochran,Tech,Technology,Photography,Art,NA,NA
914,Cynthia Bentley,Art,Travel,Gardening,Volunteering,NA,NA
915,Tobias Young,Marketing,Music,Volunteering,Photography,NA,NA
916,Izabella Rowe,Marketing,Cooking,Technology,NA,NA,NA
917,Cassandra Sims,Art,Music,Reading,Art,Travel,Technology
918,Jovanni Ramirez,Marketing,Fitness,Photography,Pets,NA,NA
919,Amaya Bruce,Tech,Photography,Music,Travel,Sports,Fitness
920,Destinee Ruiz,Marketing,Sports,Movies/TV Shows,Photography,Volunteering,Pets
921,Rhys Fuller,Marketing,Volunteering,Fitness,Environment,Movies/TV Shows,Reading
922,Addison Cisneros,Tech,Reading,Pets,Photography,Crafts,Art
923,Gaven Pace,Art,Reading,Technology,NA,NA,NA
924,Amira Collins,Marketing,Cooking,Environment,Art,Photography,Music
925,Cortez Kirby,Marketing,Movies/TV Shows,Sports,Music,NA,NA
926,Davon Davenport,Art,Environment,Art,Travel,NA,NA
927,Serena Pena,Marketing,Photography,Travel,Crafts,NA,NA
928,Jenna Garcia,Marketing,Art,Music,Photography,NA,NA
929,Alejandra Russell,Art,Fitness,Music,Cooking,NA,NA
930,Reese Rivera,Marketing,Travel,Crafts,NA,NA,NA
931,Alexzander Riddle,Marketing,Gardening,Crafts,Cooking,Movies/TV Shows,NA
932,Gillian Khan,Marketing,Cooking,Volunteering,NA,NA,NA
933,Isabelle Pennington,Art,Gardening,Fitness,Photography,Environment,NA
934,Meadow Duke,Tech,Art,Cooking,NA,NA,NA
935,Kole Hutchinson,Art,Volunteering,Travel,Sports,Fitness,Gardening
936,Paloma Hancock,Art,Gardening,Pets,Environment,Music,NA
937,Brent Mills,Marketing,Reading,Technology,Environment,Movies/TV Shows,Sports
938,Uriah Powell,Art,Volunteering,Environment,Music,NA,NA
939,Myles Bush,Marketing,Photography,Movies/TV Shows,Technology,NA,NA
